[
    {
        "ParameterKey": "AvailabilityZones",
        "ParameterValue": [
            "us-east-1a",
            "us-east-1b"
          ]
    },
    {
        "ParameterKey": "ClusterReplicaSetCount",
        "ParameterValue": "3"
    },
    {
        "ParameterKey": "KeyPairName",
        "ParameterValue": "aws-qs-tc-all"
    },
    {
        "ParameterKey": "MongoDBAdminPassword",
        "ParameterValue": "7auWisTZz6HyYaWtv7UXdL9z"
    },
    {
        "ParameterKey": "NodeInstanceType",
        "ParameterValue": "m5.large"
    },
    {
        "ParameterKey":"NumberOfAZs",
        "ParameterValue":"2"
    },
    {
        "ParameterKey":"QSS3BucketName",
        "ParameterValue":"aws-quickstart"
    },
    {
        "ParameterKey":"QSS3BucketRegion",
        "ParameterValue":"us-east-1"
    },
    {
        "ParameterKey":"RemoteAccessCIDR",
        "ParameterValue":"10.0.0.0/16"
    }
]
